CHAIN NAME,STORE NAME,STREET,CITY,STATE,ZIP,
Sprouts,Abbots Bridge,116 Bell Rd,Johns Creek,GA,30022,
Whole Foods,North Point,532 8th St NW,Johns Creek,GA,30022,
Kroger,Norcross,650 Singleton Road,Duluth,GA,30047,
Wal Mart,Pleasant Hill,2365 Pleasant Hill Rd,Duluth,GA,30047,
Moss Market,KSU Center,3305 Busbee Drive NW,Kennesaw,GA,30144,
Trader Joe's,Owl Circle,48 Owl Circle SW,Kennesaw,GA,30144,
Publix,Park Place,10 Park Place South SE,Atlanta,GA,30303,
Publix,The Plaza Midtown,950 W Peachtree St NW,Atlanta,GA,30309,
Query Mart,GT Center,172 6th St NW,Atlanta,GA,30313,
Whole Foods,North Avenue,120 North Avenue NW,Atlanta,GA,30313,
Sprouts,Piedmont,564 Piedmont ave NW,Atlanta,GA,30318,
Kroger,Midtown,725 Ponce De Leon Ave,Atlanta,GA,30332,
Moss Market,Tech Square,740 Ferst Drive ,Atlanta,GA,30332,
Moss Market,Bobby Dodd,150 Bobby Dodd Way NW,Atlanta,GA,30332,
Query Mart,Tech Square,280 Ferst Drive NW,Atlanta,GA,30332,
Moss Market,College Park,1895 Phoenix Blvd,College Park,GA,30339,
Publix,Atlanta Station,595 Piedmot Ave NE,Atlanta ,GA,30363,
